brand,series,model,year,col,size,cpu,gen,ram,slots,max,sold,w11,tag,st_25sata,st_msata,st_m2sata,st_m2nvme,st_ide,st_emmc,st_m2len,st_note,price,price_note,os,note,aliases,pwr,bat,bat_note,bat_fam,url,rs232,rs232_note,repaste,repaste_note
getac,F,M220,2005,,14.1/15″,Pentium M (Dothan LV 1.6 GHz),unk,512 MB std — type not in spec,?,2 GB,,0,HDD,,,,,,,,40 GB+ removable shock-mounted HDD — interface not stated,,,,IP54 · predecessor of the M230 |> Source: RuggedPCReview spec table https://www.ruggedpcreview.com/3_notebooks_getac_m220.html,,,,,,,1,"RS-232 + parallel |> Interface list: RS232, parallel, RJ11, RJ45, VGA, dock, 2 USB, PS/2. Source: RuggedPCReview spec table https://www.ruggedpcreview.com/3_notebooks_getac_m220.html",,
getac,F,A790,2007,,12.1/14.1″,Core Duo L2400 1.66 GHz (fanless),ddr2,DDR2-533/667 SODIMM,2× SODIMM,2 GB,,0,SATA,1,,,,,,,Media bay can hold a 2nd 80/120 GB IDE drive,,,,IP54 · ISA/PCI/PCIe expansion units · 3 batteries possible |> Source: RuggedPCReview spec table https://www.ruggedpcreview.com/3_notebooks_getac_a790.html,,,,,,,1,"Serial on the machine; X-Bay option adds RS-232/422 |> Interface: Serial, 2 USB 2.0, VGA, 1394B, Parallel, RJ-45, RJ-11. Source: RuggedPCReview spec table https://www.ruggedpcreview.com/3_notebooks_getac_a790.html",,
getac,F,M230,2007,,14.1/15″,Core Duo L2400 1.66 GHz (fanless),ddr2,DDR2-533/667 SODIMM,2× SODIMM,2 GB,,0,SATA,1,,,,,,,,,,,IP54 · 15″ SXGA+ option |> Source: RuggedPCReview spec table https://www.ruggedpcreview.com/3_notebooks_getac_m230.html,,,,,,,1,"Serial + parallel |> Interface: Serial, 2 USB 2.0, VGA, PS/2 or 1394B, Parallel, RJ45, RJ11. Source: RuggedPCReview spec table https://www.ruggedpcreview.com/3_notebooks_getac_m230.html",,
getac,F,B300 (Core 2),2008,,13.3″ XGA,Core 2 Duo L7500 1.6 GHz,ddr2,DDR2-667 (PC2-5300) SODIMM,2× SODIMM,4 GB,,0,SATA,1,,,,,,,,,,,"IP54 (later B300s IP65) · 1st B300 |> Source: RuggedPCReview spec table https://www.ruggedpcreview.com/3_notebooks_getac_b300_ORIG.html; https://www.kingston.com/en/memory/search/model/64198/getac-b300-fully-rugged-notebook (2 sockets, 4 GB max, DDR2-667)",B300 2008,,removable,"Li-Ion 11.1V 7,800mAh + optional media-bay battery |> Source: RuggedPCReview spec table https://www.ruggedpcreview.com/3_notebooks_getac_b300_ORIG.html",,,1,"2× serial |> Interface: 2 USB 2.0, RJ11, RJ45, 2 Serial, dock, 1394a, video. Source: RuggedPCReview spec table https://www.ruggedpcreview.com/3_notebooks_getac_b300_ORIG.html",,
getac,F,B300 (i7-620LM),2010,,13.3″ XGA,"Core i7-620LM (1st gen, Arrandale)",ddr3,DDR3-800/1066 SODIMM,2× SODIMM,8 GB,,0,SATA,1,,,,,,,,,,,"IP65 · 1,400-nit QuadraClear option |> Introduced Sept 2010. Source: RuggedPCReview spec table https://www.ruggedpcreview.com/3_notebooks_getac_b300_2011.html",,,removable,"Li-Ion 11.1V 7,800mAh 87Wh + optional media-bay battery |> Source: RuggedPCReview spec table https://www.ruggedpcreview.com/3_notebooks_getac_b300_2011.html",,,1,"2× serial |> Interface: 2 USB 2.0, RJ11, RJ45, 2 Serial, dock, 1394a, VGA, HDMI. Source: RuggedPCReview spec table https://www.ruggedpcreview.com/3_notebooks_getac_b300_2011.html",,
getac,F,B300 (2nd gen),2011,,13.3″ XGA,Core i5-2520M / i7-2649M (Sandy Bridge),ddr3,DDR3-1066/1333 SODIMM,2× SODIMM,8 GB,,0,SATA,1,,,,,,,,,,,"IP65 · Huron River platform, optional 4G |> Getac B300 spec sheet (2011, V1M07Y11) via datacapturesolutions.com/…/Getac - B300 Series.pdf; Getac news ""increases performance … 4G … B300"". Kingston also lists a ""B300 H"" (DDR3-1333/1600, 2 sockets, 8 GB) and a ""B300 G4"" (DDR3-1600, 2 sockets, 8 GB) — which CPU generation the G4 label maps to is NOT confirmed (possibly a 2012 Ivy Bridge refresh).",B300 H B300-H B300 G4 B300-G4 Huron River,"Getac AC adapter · 90W |> ""AC adapter (90W, 100-240V)"" — 2011 B300 spec sheet. Connector type not documented here.",removable,"Li-Ion 8,700mAh (up to 15 h) + optional media-bay battery (up to 30 h) |> 2011 spec sheet",,,1,"2× RS-232 |> ""Serial port (RS-232) x 2"" — 2011 B300 spec sheet; Getac news release: ""two serial ports"".",,
getac,F,B300 G5,2013,,13.3″ XGA,Core i5-4300M / i7-4600M (Haswell),ddr3,DDR3 SODIMM,?,8 GB,,0,SATA,1,,,,,,,"2× USB 3.0/mSATA combo ports are EXTERNAL eSATA-style combos, not an internal mSATA slot",,,,IP65 · fanless · Added 10/2013 |> Source: RuggedPCReview spec table https://www.ruggedpcreview.com/3_notebooks_getac_b300_g5.html,,,removable,"Li-Ion 8,700mAh + optional 8,700mAh media-bay battery |> Source: RuggedPCReview spec table https://www.ruggedpcreview.com/3_notebooks_getac_b300_g5.html",,,1,"2× RS-232 |> Interface: 1 USB 3.0, 2 USB 3.0/mSATA combo, RJ11, RJ45, 2× Serial RS232, dock, 1394a, VGA, HDMI. Source: RuggedPCReview spec table https://www.ruggedpcreview.com/3_notebooks_getac_b300_g5.html",,
getac,F,B300 G6,2016,,13.3″ XGA,Core i5-6200U … i7-6600U (Skylake),ddr4,DDR4-2133,?,16 GB,,0,SATA,1,,,,,,,,,,,"IP65 · fanless · Added 06/2016 |> Source: RuggedPCReview spec table https://www.ruggedpcreview.com/3_notebooks_getac_b300_g6.html; RuggedPCReview spec table https://www.ruggedpcreview.com/3_notebooks_getac_b300.html. NB Kingston also lists a ""B300 G6 (DDR3)"" entry — unexplained, verify on the unit.",,,removable,"Li-Ion 11.1V 8,700mAh 96Wh + optional media-bay battery |> Source: RuggedPCReview spec table https://www.ruggedpcreview.com/3_notebooks_getac_b300.html",,,1,"2× RS-232 |> Interface: 3 USB 3.0, 2 RJ11, RJ45, 2× Serial RS232, dock, VGA, HDMI. Source: RuggedPCReview spec table https://www.ruggedpcreview.com/3_notebooks_getac_b300_g6.html",,
getac,F,B300 G7,2018,,13.3″ XGA,Core i5-8250U/8350U · i7-8550U/8650U (8th gen),ddr4,DDR4 SODIMM,2× SODIMM,32 GB,,1,SATA,1,,,,,,,Media bay: optional 2nd SATA SSD,,,,"Last B300 — 8th gen = Windows 11 eligible |> Getac B300 G7 datasheet via elmark.com.pl (…/getac-b300-pancerny-laptop_1_karta-katalogowa.pdf): ""8GB DDR4 expandable to 32GB""; Kingston model 98933: 2 sockets, 32 GB.",B300G7 B300-G7,"Getac AC adapter · 90W |> ""AC adapter (90W, 100-240VAC)"" — B300 G7 datasheet (elmark)",removable,"Li-Ion 10.8V 8,700mAh + optional media-bay battery |> B300 G7 datasheet (elmark)",,,1,"2× DB9 |> ""Serial port (9-pin; D-sub) x 2"" — B300 G7 datasheet (elmark); e-nitiative listing: ""two serial ports"".",,
getac,F,X500,2011,,15.6″,"Core i5-520M / i7-620M (1st gen, Arrandale)",ddr3,DDR3-1333 SODIMM,?,8 GB,,0,SATA,1,,,,,,,,,,,Getac's biggest rugged notebook; PCI expansion unit option |> Getac X500 spec sheet (V2M02Y12) via datacapturesolutions.com/…/Getac - X500 Series.pdf,X500 G1 X500-G1,"Getac AC adapter · 90W |> ""AC adapter (90W, 100-240V)"" — X500 spec sheet",removable,"Li-Ion 8,700mAh + optional 2nd battery in media bay |> X500 spec sheet",,,1,"2× RS-232 |> ""Serial port (RS-232) x 2"" — X500 spec sheet",,
getac,F,X500 G2,2014,,15.6″,Core i5-4300M / i7-4600M (Haswell); Server: i7-4800MQ,ddr3,DDR3 (Haswell platform — DDR3/DDR3L only),?,16 GB (Server 32 GB),,0,SATA,1,,,,,,,,,,,"Dual Ethernet standard |> Getac press release May 22, 2014 ""Getac upgrades flagship X500 … & X500 Rugged Mobile Server""; Getac news ""Getac powers up X500-G2"". Memory TYPE not stated by Getac — DDR3 family is the only memory Haswell supports.",X500-G2 X500 Server G2 X500 Server,,,,,,1,"2× RS-232 |> ""two RS232 serial ports"" — Getac press release, May 22 2014",,
getac,F,X500 G3,2018,,15.6″ FHD,Core i5-7440HQ / i7-7820HQ (7th gen quad); Server: Xeon E3-1505M v6,ddr4,DDR4 (Server: ECC DDR4),?,64 GB,,0,SATA,1,,,,,,,"Server version: three SATA drives, RAID 0/1/5",,,,7th gen = not on the Windows 11 list |> Source: RuggedPCReview spec table https://www.ruggedpcreview.com/3_notebooks_getac_x500_2018.html,X500-G3 X500 Server G3,,,,,,1,"2× RS-232 |> Interface: 4 USB 3.0, 2× RS232, 2× RJ45, VGA, HDMI, 80-pin dock. Source: RuggedPCReview spec table https://www.ruggedpcreview.com/3_notebooks_getac_x500_2018.html",,
getac,F,B360,2020,,13.3″ FHD,Core i5-10210U · i7-10510U/10710U (10th gen),ddr4,DDR4,?,64 GB,,1,NVMe + SATA,0,,,1,,,,Main: PCIe NVMe SSD · optional 2nd SATA SSD,,,,"IP66 · 1,400 nits · hot-swap dual batteries |> Introduced June 2020. Source: RuggedPCReview spec table https://www.ruggedpcreview.com/3_notebooks_getac_b360.html",,,removable,"Hot-swappable dual 11.1V 2,100mAh 23.3Wh |> Source: RuggedPCReview spec table https://www.ruggedpcreview.com/3_notebooks_getac_b360.html",,,1,1× DB9 — every configurable-I/O option includes serial |> Options: serial + VGA OR serial + USB-C OR serial + DisplayPort. Source: RuggedPCReview spec table https://www.ruggedpcreview.com/3_notebooks_getac_b360.html,,
getac,F,B360 Pro,2020,,13.3″ FHD,Core i5-10210U · i7-10510U/10710U (10th gen),ddr4,DDR4,?,64 GB,,1,NVMe + SATA,,,,1,,,,Removable PCIe NVMe main · optional 2nd SATA SSD · multimedia bay (DVD/Blu-ray),,,,"B360 + multimedia bay, bigger batteries, optional 1 or 2 serial |> Getac B360 Pro datasheet via elmark.com.pl (getac-b360pro_karta-katalogowa.pdf)",,Getac AC adapter · 90W (120W w/ dGPU / office dock) |> datasheet: AC adapter 90W; 120W for office dock and discrete-graphics configs,removable,"2× 10.8V 6,900mAh, LifeSupport hot-swap |> B360 Pro datasheet (elmark)",,,1,"1× or 2× DB9 — every configurable-I/O option includes serial |> ""Serial port (9-pin; D-sub) x 1 + VGA / + USB-C / + DisplayPort"", plus two-serial versions of each — B360 Pro datasheet (elmark)",,
getac,F,X600 / X600 Pro,2022,,15.6″ FHD,Core i5-11500H · i7-11850H · i9-11950H (11th gen H),ddr4,DDR4-3200 SODIMM,4× SODIMM,128 GB,,1,NVMe ×3,,,,1,,,,M.2 2280 PCIe main + optional 2nd and 3rd PCIe SSD,,,,Optional RTX 3000 / GTX 1650 · Pro adds multimedia bay + PCMCIA/ExpressCard |> Source: RuggedPCReview spec table https://www.ruggedpcreview.com/3_notebooks_getac_x600.html; RuggedPCReview spec table https://www.ruggedpcreview.com/3_notebooks_getac_x600pro.html,X600 Pro X600 Server X600Pro,,removable,2× 74.5Wh (Pro adds a 46.6Wh bay battery) |> Source: RuggedPCReview spec table https://www.ruggedpcreview.com/3_notebooks_getac_x600pro.html,,,1,X600: 1 or 2× RS-232 · X600 Pro: 2× RS-232 |> Source: RuggedPCReview spec table https://www.ruggedpcreview.com/3_notebooks_getac_x600.html; RuggedPCReview spec table https://www.ruggedpcreview.com/3_notebooks_getac_x600pro.html,,
getac,F,B360 G2 / B360 Pro G2,2023,,13.3″ FHD,Core i5-1240P … i7-1280P (12th gen P),ddr4,DDR4 SODIMM,2× SODIMM,64 GB,,1,NVMe ×2,,,,1,,,,PCIe NVMe main + optional 2nd NVMe · Pro: optional SATA SSD in multimedia bay,,,,"IP66 · 1,400 nits · Thunderbolt 4 · a 13th gen ""RPL"" refresh exists (Getac secure-boot advisory lists ""B360G2 RPL"") |> Source: RuggedPCReview spec table https://www.ruggedpcreview.com/3_notebooks_getac_b360pro_g2.html",B360 G2 B360G2 B360 Pro G2 B360G2 RPL,,removable,"Pro: 2× 10.8V 6,900mAh 74.5Wh + optional 46.6Wh bay battery |> Source: RuggedPCReview spec table https://www.ruggedpcreview.com/3_notebooks_getac_b360pro_g2.html",,,1,"1× DB9 on every I/O option (Pro: 2× options) |> 8 configurable I/O options, all with 9-pin D-sub serial. Source: RuggedPCReview spec table https://www.ruggedpcreview.com/3_notebooks_getac_b360pro_g2.html",,
getac,F,B360 G3,2025,,13.3″ FHD,Core Ultra 5 225H/235H · Ultra 7 255H/265H (Arrow Lake),ddr5,DDR5,?,64 GB,,1,NVMe ×2,,,,1,,,,PCIe NVMe main + optional 2nd NVMe,,,,"IP66 · Wi-Fi 7 · Thunderbolt 4 · a Lunar Lake ""B360 G3 Plus"" also exists (on-package RAM — specs not verified here) |> Introduced June 2025. Source: RuggedPCReview spec table https://www.ruggedpcreview.com/3_notebooks_getac_b360_g3.html",B360G3 B360 G3 Plus,,removable,"Dual hot-swap 7.72V 4,060mAh 31.34Wh |> Source: RuggedPCReview spec table https://www.ruggedpcreview.com/3_notebooks_getac_b360_g3.html",,,1,1× DB9 on all 6 configurable-I/O options |> Source: RuggedPCReview spec table https://www.ruggedpcreview.com/3_notebooks_getac_b360_g3.html,,
getac,S,W130,2006,,12.1″ XGA,Pentium M (Dothan LV 1.6 GHz),unk,256 MB std — type not in spec,?,1 GB,,0,HDD,,,,,,,,40/60 GB damper-protected HDD — interface not stated,,,,"IP51 · RPCR page ""updated 03/2007"" |> Source: RuggedPCReview spec table https://www.ruggedpcreview.com/3_notebooks_getac_w130.html",,,,,,,1,"RS-232 |> Interface: RS232, RJ11, RJ45, VGA, dock, 2 USB. Source: RuggedPCReview spec table https://www.ruggedpcreview.com/3_notebooks_getac_w130.html",,
getac,S,P470,2008,,14.1″ WXGA,"Core 2 Duo 2.0 GHz, 667 FSB (GM965)",ddr2,DDR2-533/667,?,4 GB,,0,SATA,1,,,,,,,,,,,Semi-rugged · ExpressCard + PC Card |> Source: RuggedPCReview spec table https://www.ruggedpcreview.com/3_notebooks_getac_p470.html,,,,,,,1,"Serial |> Interface: 3 USB 2.0, RJ11, RJ45, Serial, dock, mini 1394a. Source: RuggedPCReview spec table https://www.ruggedpcreview.com/3_notebooks_getac_p470.html",,
getac,S,S400,2012,,14″,Core i5-3320M vPro (Ivy Bridge),ddr3,DDR3,?,8 GB,,0,SATA,1,,,,,,,,,,,"European launch Sept 2012; an earlier 2011 S400 existed (specs not verified here) |> notebookcheck.net ""Getac launches the semi-rugged S400 notebook in Europe"" (2012-09-26); Kingston lists ""S400 Semi-Rugged Notebook"".",S400 G1 S400 G2 S400G S400RFID,,,,,,,"Not mentioned in the launch article (D-Sub, USB, HDMI, eSATA, FireWire, ExpressCard listed) — unverified",,
getac,S,S400 G3,2014,,14″,Core i3-4110M … i7-4610M (Haswell),ddr3,DDR3L-1600 SODIMM,2× SODIMM,16 GB,,0,SATA,1,,,,,,,,,,,IP5x · Oct 2014 update |> Source: RuggedPCReview spec table https://www.ruggedpcreview.com/3_notebooks_getac_s400_2014.html,S400-G3 S400G3,,removable,"Li-Ion 10.8V 8,700mAh 94Wh |> Source: RuggedPCReview spec table https://www.ruggedpcreview.com/3_notebooks_getac_s400_2014.html",,,1,"1× RS-232 |> Interface: 3 USB 3.0, USB 2.0/eSATA, 1× RS232, RJ45, VGA, HDMI. Source: RuggedPCReview spec table https://www.ruggedpcreview.com/3_notebooks_getac_s400_2014.html",,
getac,S,S410,2016,,14″,Core i3-6100U … i7-6600U (Skylake) · opt. GTX 950M,ddr3,DDR3L SODIMM,2× SODIMM,16 GB,,0,SATA,1,,,,,,,"+ optional onboard 128 GB SSD (2nd storage, type not stated)",,,,IP51 · media bay (DVD / PCMCIA / ExpressCard / 2nd battery) |> Introduced April 2016. Source: RuggedPCReview spec table https://www.ruggedpcreview.com/3_notebooks_getac_s410.html,S410 G1 S410-G1,,removable,"11.1V 4,200mAh 46.6Wh + optional 2nd + optional bridge battery |> Source: RuggedPCReview spec table https://www.ruggedpcreview.com/3_notebooks_getac_s410.html",,,2,"Optional 1× RS-232 |> ""optional: 1 x RS232, 1 x VGA …"" — Source: RuggedPCReview spec table https://www.ruggedpcreview.com/3_notebooks_getac_s410.html",,
getac,S,S410 G2,2017,,14″,Core i5-8250U/8350U · i7-8550U/8650U (8th gen) · i3-7100U,ddr4,DDR4,?,32 GB,,1,SATA,1,,,,,,,,,,,"i3-7100U config is NOT Win 11 eligible · IP52 |> Added 10/2017. Source: RuggedPCReview spec table https://www.ruggedpcreview.com/3_notebooks_getac_s410_g2.html (page header says ""convertible"" — it is the S410 clamshell)",S410-G2 S410G2,,,,,,2,"Optional 1× RS-232 |> ""optional: 1 x RS232, 1 x VGA …"" — Source: RuggedPCReview spec table https://www.ruggedpcreview.com/3_notebooks_getac_s410_g2.html",,
getac,S,S410 G3,2019,,14″,8th gen Core (exact SKUs not verified),ddr4,DDR4-2400/2666 SODIMM,2× SODIMM,32 GB,,1,SATA + M.2 SATA,1,,1,,,,,,,,,"Kingston: 2 sockets, 32 GB max, DDR4-2400/2666; storage bus ""SSD - SATA 2.5-inch 9.5mm"" + ""SSD - M.2 SATA"" |> https://www.kingston.com/en/memory/search/model/105793/getac-s410-g3-semi-rugged-notebook-ddr4 — CPU generation inferred from DDR4-2666 + M.2 SATA, verify.",S410-G3 S410G3,,,,,,,Unverified for G3 (G1/G2/G4 offer it as an option),,
getac,S,S410 G4,2021,,14″,Core i3-1115G4 … i7-1185G7 (11th gen) · opt. GTX 1650,ddr4,DDR4 SODIMM,2× SODIMM,64 GB,,1,NVMe + SATA,2,,,1,,,,PCIe NVMe main · optional SATA SSD 2nd storage,,,,IP53 · Thunderbolt 4 · Getac's secure-boot advisory lists S410G4 under BOTH Comet Lake (10th) and Tiger Lake (11th) — check the CPU |> Introduced Jan 2021. Source: RuggedPCReview spec table https://www.ruggedpcreview.com/3_notebooks_getac_s410_2021.html; RuggedPCReview spec table https://www.ruggedpcreview.com/3_notebooks_getac_s410_g3.html (RPCR labels this page G3),S410-G4 S410G4,,removable,"10.8V 6,900mAh 74.5Wh + optional 2nd + optional bay battery |> Source: RuggedPCReview spec table https://www.ruggedpcreview.com/3_notebooks_getac_s410_2021.html",,,2,"Optional COM — every optional I/O combo includes COM |> ""COM + VGA + 2nd RJ45 OR … COM + Display Port …"" — Source: RuggedPCReview spec table https://www.ruggedpcreview.com/3_notebooks_getac_s410_2021.html",,
getac,S,S410 G5,2023,,14″,Core i5-1340P … i7-1370P (13th gen P) · opt. GTX 1650,ddr5,DDR5 SODIMM,2× SODIMM,64 GB,,1,NVMe + SATA,2,,,1,,,,PCIe NVMe main · optional SATA SSD 2nd storage,,,,IP53 · Thunderbolt 4 |> Introduced Sept 2023. Source: RuggedPCReview spec table https://www.ruggedpcreview.com/3_notebooks_getac_s410_2023.html,S410-G5 S410G5,,,,,,2,Optional COM — every optional I/O combo includes COM |> Source: RuggedPCReview spec table https://www.ruggedpcreview.com/3_notebooks_getac_s410_2023.html,,
getac,S,S510,2024,,15.6″ FHD,Core Ultra 5 125U/135U · Ultra 7 155U/165U (Meteor Lake),ddr5,DDR5-4800 SODIMM,2× SODIMM,64 GB,,1,NVMe + SATA,2,,,1,,,,PCIe NVMe main · optional SATA SSD in multimedia bay,,,,IP53 · 15.6″ semi-rugged |> Source: RuggedPCReview spec table https://www.ruggedpcreview.com/3_notebooks_getac_s510.html,,Getac AC adapter · 65W (opt. 90W) |> Source: RuggedPCReview spec table https://www.ruggedpcreview.com/3_notebooks_getac_s510.html,,,,,0,"None listed |> Interface list (TB4, 2× USB-A, RJ45, HDMI, dock, opt. 2nd TB4) has no serial — Source: RuggedPCReview spec table https://www.ruggedpcreview.com/3_notebooks_getac_s510.html. Check Getac's own configurator before ruling it out for a fleet buy.",,
getac,S,S510AD,2026,,15.6″ FHD,Ryzen AI 5 340 · Ryzen AI 7 350 (PRO options),ddr5,DDR5-4800 SODIMM,2× SODIMM,64 GB,,1,NVMe + SATA,2,,,1,,,,PCIe NVMe main · optional SATA SSD in multimedia bay,,,,AMD version of the S510 · Copilot+ PC |> Source: RuggedPCReview spec table https://www.ruggedpcreview.com/3_notebooks_getac_s510ad.html,,Getac AC adapter · 65W (opt. 90W) |> Source: RuggedPCReview spec table https://www.ruggedpcreview.com/3_notebooks_getac_s510ad.html,,,,,0,"None listed |> Interface list (USB4, 2× USB-A, RJ45, HDMI, dock) has no serial — Source: RuggedPCReview spec table https://www.ruggedpcreview.com/3_notebooks_getac_s510ad.html",,
getac,V,V100 (Core 2),2008,,10.4″ / 12.1″,Core 2 Duo SU9400 ULV (earlier units: other C2D ULV),ddr2,DDR2-533,?,4 GB,,0,SATA,1,,,,,,,,,,,"IP65 · first V100 added 09/2007, specs updated through 2010 |> Source: RuggedPCReview spec table https://www.ruggedpcreview.com/3_notebooks_getac_v100_ORIG.html",V100 2008,,removable,"11.1V 5,200mAh, optional 7,800mAh |> Source: RuggedPCReview spec table https://www.ruggedpcreview.com/3_notebooks_getac_v100_ORIG.html",,,1,"1 or 2× serial |> Interface: ""1 or 2 Serial, 2 USB 2.0, VGA, RJ-45, RJ-11 …"" — Source: RuggedPCReview spec table https://www.ruggedpcreview.com/3_notebooks_getac_v100_ORIG.html",,
getac,V,V100 (Core i7),2010,,10.4″ XGA,Core i7 ULV 1.2 GHz (2.26 GHz turbo) — likely i7-640UM,ddr3,DDR3-800/1066,?,8 GB,,0,SATA,1,,,,,,,,,,,"IP65 · 1,200-nit QuadraClear |> Mid-2010 update. Source: RuggedPCReview spec table https://www.ruggedpcreview.com/3_notebooks_getac_v100.html",,,,,,,1,"1× RS-232 |> Interface: USB 2.0, USB/eSATA, RJ11, RJ45, 1 Serial RS232, dock, VGA. Source: RuggedPCReview spec table https://www.ruggedpcreview.com/3_notebooks_getac_v100.html",,
getac,V,V200,2010,,12.1″,Core i7-620LM (1st gen),ddr3,DDR3-1066/1333,?,8 GB,,0,SATA,1,,,,,,,,,,,IP65 · hot-swappable battery |> Added 09/2010. Source: RuggedPCReview spec table https://www.ruggedpcreview.com/3_notebooks_getac_v200_capsule.html; RuggedPCReview spec table https://www.ruggedpcreview.com/3_notebooks_getac_v200.html,,,,,,,1,1× RS-232 |> Source: RuggedPCReview spec table https://www.ruggedpcreview.com/3_notebooks_getac_v200_capsule.html,,
getac,V,V200 G2,2013,,12.1″ XGA,"Core i5-3320M / i7-3520M (Ivy Bridge, per clock speeds)",ddr3,DDR3-1333,?,8 GB,,0,SATA,1,,,,,,,,,,,IP65 · 05/2013 update |> Source: RuggedPCReview spec table https://www.ruggedpcreview.com/3_notebooks_getac_v200.html — CPU models inferred from listed clocks (2.9/3.6 and 2.6/3.3 GHz),V200-G2 V200G2,,,,,,1,1× RS-232 |> Source: RuggedPCReview spec table https://www.ruggedpcreview.com/3_notebooks_getac_v200.html,,
getac,V,V110 / V110 G2,2014,,11.6″ HD,G2: Core i5-5300U / i7-5500U (Broadwell); G1: 4th gen,ddr3,DDR3L-1600 SODIMM,?,8 GB,,0,SATA SSD,1,,,,,,,128/256 GB SATA SSD (form factor not stated),,,,"IP65 · dual hot-swap batteries · G1 introduced fall 2013, G2 reviewed July 2015 |> Source: RuggedPCReview spec table https://www.ruggedpcreview.com/3_notebooks_getac_v110.html",V110 G1 V110-G1 V110-G2 V110G2,,removable,"Dual 2,140mAh 23Wh hot-swap |> Source: RuggedPCReview spec table https://www.ruggedpcreview.com/3_notebooks_getac_v110.html",,,1,"1× RS-232 |> Interface: 2 USB 3.0, 1 USB 2.0, RJ45, 1× Serial RS232, dock. Source: RuggedPCReview spec table https://www.ruggedpcreview.com/3_notebooks_getac_v110.html",,
getac,V,V110 G3,2016,,11.6″,Core i5-6200U / i7-6600U (Skylake) — per listings,unk,type not verified (Skylake U: DDR3L or DDR4),2× SODIMM,16 GB,,0,SATA,1,,,,,,,,,,,"Kingston: 2 sockets, 16 GB max; storage bus ""SSD - SATA 2.5-inch 9.5mm"" |> https://www.kingston.com/en/memory/search/model/96648/getac-v110-g3-fully-rugged-convertible ; CPU from CDW / eBay listing titles",V110-G3 V110G3,,,,,,,Unverified for G3 (G1/G2 and G7 have 1× RS-232),,
getac,V,V110 G4,2017,,11.6″,Core i5-7200U / i7-7500U (Kaby Lake) — per listings,unk,not verified,?,?,,0,?,,,,,,,,,,,,"Specs not verified yet |> CPU from CDWG listing title ""Getac V110 G4 11.6 Core i7-7500U""",V110-G4 V110G4,,,,,,,Unverified,,
getac,V,V110 G5,2019,,11.6″,Core i5-8265U / i7-8665U (8th gen) — per listings,ddr4,DDR4-2400/2666 SODIMM,2× SODIMM,?,,1,?,,,,,,,,,,,,"Kingston: 2 sockets, DDR4-2400/2666 |> https://kingston.com/en/memory/search/model/101027/getac-v110-g5-fully-rugged-convertible ; CPU from Stone Group / eBay listing titles",V110-G5 V110G5,,,,,,,Unverified,,
getac,V,V110 G6,2021,,11.6″ FHD,"Core i5-10210U / i5-10310U (10th gen, Comet Lake) — per listings",unk,not verified,?,?,,1,?,,,,,,,,,,,,Getac secure-boot advisory lists V110G6 under Comet Lake |> getac.com/en/legal/microsoft-secure-boot-certificate-transition-2023-ca-and-black ; CPU from CDW/SHI listings,V110-G6 V110G6,,,,,,,Unverified,,
getac,V,V110 G7,2023,,11.6″ FHD,Core i5-1235U … i7-1265U (12th gen U),ddr4,DDR4,?,64 GB,,1,NVMe,,,,1,,,,,,,,IP65 · Thunderbolt 4 · C1D2 option |> Full review March 2024. Source: RuggedPCReview spec table https://www.ruggedpcreview.com/3_notebooks_getac_v110g7.html,V110-G7 V110G7,,removable,"Dual 2,100mAh 11.1V 23Wh hot-swap |> Source: RuggedPCReview spec table https://www.ruggedpcreview.com/3_notebooks_getac_v110g7.html",,,1,"1× RS-232 |> Interface: TB4, 2× USB-A, RJ45, HDMI, 1 x RS232 serial, dock. Source: RuggedPCReview spec table https://www.ruggedpcreview.com/3_notebooks_getac_v110g7.html",,
getac,V,V120,2025,,12.2″ WUXGA,Core Ultra 5 225H / Ultra 7 255H (Arrow Lake),ddr5,DDR5,?,64 GB,,1,NVMe,,,,1,,,,,,,,IP66 · 2× Thunderbolt 4 · successor of the V110 |> Introduced Sept 2025. Source: RuggedPCReview spec table https://www.ruggedpcreview.com/3_notebooks_getac_v120.html,,,removable,"Dual 7.74V 4,070mAh 31.5Wh (opt. 47.3Wh) |> Source: RuggedPCReview spec table https://www.ruggedpcreview.com/3_notebooks_getac_v120.html",,,2,"Optional: USB-A + 9-pin serial module |> ""opt: Smart card reader OR barcode OR USB 3.2 + Serial port (9-pin; D-sub) OR USB + MicroSD"" — Source: RuggedPCReview spec table https://www.ruggedpcreview.com/3_notebooks_getac_v120.html",,
getac,T,CA27,2006,,10.4″ XGA,Pentium M (Dothan LV 1.6 GHz),unk,256 MB std — type not in spec,?,1 GB,,0,HDD,,,,,,,,40 GB shock-mounted (120 GB opt.) — interface not stated,,,,"Rugged slate · IP54 · RPCR ""updated 03/2007"" |> Source: RuggedPCReview spec table https://www.ruggedpcreview.com/3_slates_getac_ca27.html",CA-27 CA25 CA-25,,,,,,1,"RS-232 |> Interface: USB 2.0, CCD USB, RS-232, IR, dock. Source: RuggedPCReview spec table https://www.ruggedpcreview.com/3_slates_getac_ca27.html",,
getac,T,E100,2008,,8.4″ SVGA,Intel A110 800 MHz (Stealey UMPC),ddr2,DDR2,?,1 GB,,0,1.8″ HDD,,,,,,,,1.8″ 4200rpm 100 GB HDD (Toshiba MK1011GAH) — embedded,,,,UMPC-class rugged tablet · IP54 |> Source: RuggedPCReview spec table https://www.ruggedpcreview.com/3_slates_getac_e100.html,,,,,,,0,"None listed |> Interface: 2 USB 2.0, RJ45 — Source: RuggedPCReview spec table https://www.ruggedpcreview.com/3_slates_getac_e100.html",,
getac,T,E110,2012,,10.1″,Atom N2800 1.86 GHz,ddr3,4 GB DDR3,?,4 GB,,0,SATA SSD,,,,,,,,64 GB SATA SSD (form factor not stated),,,,IP65 · Added 07/2012 |> Source: RuggedPCReview spec table https://www.ruggedpcreview.com/3_slates_getac_e110.html,,,,,,,1,"RS-232 |> Interface: 2 USB 2.0, RS232, RJ45, 60-pin dock — Source: RuggedPCReview spec table https://www.ruggedpcreview.com/3_slates_getac_e110.html",,
getac,T,F110,2013,,11.6″ HD,4th gen Core U (1.9/2.9 & 2.1/3.3 GHz — i5-4300U / i7-4600U class),ddr3,DDR3,?,8 GB,,0,SATA SSD,,,,,,,,128/256 GB SATA SSD,,,,IP65 · dual hot-swap batteries · F110 G2 (2015) not separately verified |> Added 10/2013. Source: RuggedPCReview spec table https://www.ruggedpcreview.com/3_slates_getac_f110.html,F110 G1 F110-G1 F110 G2 F110-G2 F110-EX,,,,,,2,Optional — one expansion slot: barcode OR serial OR Ethernet OR microSD OR USB |> Source: RuggedPCReview spec table https://www.ruggedpcreview.com/3_slates_getac_f110.html,,
getac,T,F110 G3,2016,,11.6″ HD,Core i5-6200U … i7-6600U (Skylake),ddr4,DDR4,?,16 GB,,0,SATA SSD,,,,,,,,128/256/512 GB SATA SSD,,,,IP65 · C1D2 |> Added 05/2016. Source: RuggedPCReview spec table https://www.ruggedpcreview.com/3_slates_getac_f110_g3.html,F110-G3 F110G3,,,,,,2,Optional — expansion slot: barcode OR RS232 OR Ethernet OR microSD OR USB |> Source: RuggedPCReview spec table https://www.ruggedpcreview.com/3_slates_getac_f110_g3.html,,
getac,T,F110 G4,2017,,11.6″ HD,Core i5-7200U / i7-7500U (Kaby Lake),ddr4,DDR4,?,16 GB,,0,SATA SSD,,,,,,,,128 GB–1 TB SATA SSD (OPAL 2.0),,,,IP65 · C1D2 |> Added 09/2017. Source: RuggedPCReview spec table https://www.ruggedpcreview.com/3_slates_getac_f110_g4.html,F110-G4 F110G4,,,,,,2,Optional — expansion slot: barcode OR RS232 OR Ethernet OR microSD OR USB OR RS232+Ethernet |> Source: RuggedPCReview spec table https://www.ruggedpcreview.com/3_slates_getac_f110_g4.html,,
getac,T,F110 G5,2019,,11.6″,Core i5-8265U (8th gen) — per listings,unk,not verified,?,?,,1,?,,,,,,,,,,,,"Specs not verified yet |> CPU from CDWG / Stone Group listing titles ""Getac F110 G5 … Core i5-8265U""",F110-G5 F110G5,,,,,,,Unverified (G3/G4/G6 offer serial as an expansion option),,
getac,T,F110 G6,2021,,11.6″ FHD,Core i5-1135G7 … i7-1185G7 (11th gen),ddr4,DDR4 — single channel,1× SODIMM,32 GB,,1,NVMe,,,,1,,,,,,,,IP66 · Thunderbolt 4 · single-channel RAM |> Full review 10/2021. Source: RuggedPCReview spec table https://www.ruggedpcreview.com/3_slates_getac_f110_2021.html,F110-G6 F110G6,,removable,"Dual hot-swap 11.4V 2,680mAh 30.6Wh (opt. 51.8Wh) |> Source: RuggedPCReview spec table https://www.ruggedpcreview.com/3_slates_getac_f110_2021.html",,,2,Optional — expansion slot: barcode OR RS232 OR Ethernet OR microSD OR USB |> Source: RuggedPCReview spec table https://www.ruggedpcreview.com/3_slates_getac_f110_2021.html,,
getac,T,F110 G7,2024,,11.6″ FHD,Core i5-1335U … i7-1365U (13th gen U),ddr5,DDR5 — single channel,?,32 GB,,1,NVMe,,,,1,,,,,,,,IP66 · Thunderbolt 4 |> Full review 09/2024. Source: RuggedPCReview spec table https://www.ruggedpcreview.com/3_slates_getac_f110_2024.html,F110-G7 F110G7,,,,,,2,Optional — expansion slot: barcode OR RS232 OR Ethernet OR microSD OR USB |> Source: RuggedPCReview spec table https://www.ruggedpcreview.com/3_slates_getac_f110_2024.html,,
getac,T,F120,2026,,12.2″ WUXGA,Core Ultra 5 226V/236V · Ultra 7 256V/266V (Lunar Lake),ddr5,LPDDR5x-8533 on package,on-package,32 GB,1,1,NVMe,,,,1,,,,,,,,IP66 · successor of the F110 · RAM is on the CPU package (not upgradeable) |> Full review 06/2026. Source: RuggedPCReview spec table https://www.ruggedpcreview.com/3_slates_getac_f120.html,,,,,,,2,Optional — top-side slot: barcode OR microSD OR serial port OR RJ45 |> Source: RuggedPCReview spec table https://www.ruggedpcreview.com/3_slates_getac_f120.html,,
getac,T,T800,2014,,8.1″,Atom N3530 (Bay Trail quad),ddr3,4 GB DDR3L,?,4 GB,,0,SSD 64GB,,,,,,,,64 GB SSD (type not stated),,,,IP65 · 6-ft drops |> Added 04/2014. Source: RuggedPCReview spec table https://www.ruggedpcreview.com/3_slates_getac_t800.html,,,,,,,0,"None |> Interface: USB 3.0, micro HDMI, audio, dock; factory options are barcode OR RJ45 only — Source: RuggedPCReview spec table https://www.ruggedpcreview.com/3_slates_getac_t800.html",,
getac,T,T800 G2,2016,,8.1″,Atom x7-Z8700 (Cherry Trail),ddr3,4–8 GB LPDDR3,soldered,8 GB,1,0,eMMC,,,,,,1,,64/128 GB eMMC,,,,IP65 |> Added 06/2016. Source: RuggedPCReview spec table https://www.ruggedpcreview.com/3_slates_getac_t800_g2.html,T800-G2 T800 Plus T800-Ex,,,,,,2,Optional — expansion slot: barcode OR RS232 OR RJ45 OR microSD |> Source: RuggedPCReview spec table https://www.ruggedpcreview.com/3_slates_getac_t800_g2.html,,
getac,T,RX10 / RX10H,2015,,10.1″ WUXGA,Core M-5Y10c,ddr3,4/8 GB LPDDR3,?,8 GB,,0,SATA SSD,,,,,,,,128/256 GB SATA SSD,,,,IP65 · RX10H = healthcare version (medical certs) |> Introduced fall 2015. Source: RuggedPCReview spec table https://www.ruggedpcreview.com/3_slates_getac_rx10.html,RX10H,,,,,,0,None — no external expansion |> Source: RuggedPCReview spec table https://www.ruggedpcreview.com/3_slates_getac_rx10.html,,
getac,T,A140,2017,,14″,6th gen Core i5 / i7 (Skylake),unk,not verified,?,?,,0,?,,,,,,,,,,,,"Getac's largest tablet · launched June 2017 |> armyrecognition.com ""Getac launches new A140 14-inch fully rugged tablet"" (28 Jun 2017)",,,,,,,,Unverified (A140 G2 offers optional serial),,
getac,T,A140 G2,2020,,14″,Core i5-10210U (10th gen),ddr4,DDR4,?,32 GB,,1,NVMe,,,,1,,,,,,,,IP65 · hot-swap dual batteries |> Updated 04/2020. Source: RuggedPCReview spec table https://www.ruggedpcreview.com/3_slates_getac_a140.html,A140G2 A140-G2,,removable,"Hot-swap dual 10.8V 3,220mAh |> Source: RuggedPCReview spec table https://www.ruggedpcreview.com/3_slates_getac_a140.html",,,2,Optional serial OR VGA |> Source: RuggedPCReview spec table https://www.ruggedpcreview.com/3_slates_getac_a140.html,,
getac,T,UX10,2019,,10.1″ WUXGA,Core i5-8265U / i7-8565U (8th gen),ddr4,DDR4,?,16 GB,,1,SSD,,,,,,,,256 GB–1 TB SSD (interface not stated),,,,IP65 · detachable keyboard option |> Introduced June 2019. Source: RuggedPCReview spec table https://www.ruggedpcreview.com/3_slates_getac_ux10.html; RuggedPCReview spec table https://www.ruggedpcreview.com/3_slates_getac_ux10_full.html,UX10 G1 UX10-G1 UX10-EX,,,,,,2,Optional — right-side expansion: serial + RJ45 |> Source: RuggedPCReview spec table https://www.ruggedpcreview.com/3_slates_getac_ux10_full.html,,
getac,T,UX10 G2,2021,,10.1″,Core i5-10210U / i5-10310U (10th gen) — per listings,unk,not verified,?,?,,1,?,,,,,,,,,,,,Getac secure-boot advisory lists UX10G2 under Comet Lake |> getac.com secure-boot advisory; CDW listing titles,UX10-G2 UX10G2 UX10 G2 R UX10G2-R,,,,,,,Unverified (G1 and G5 offer serial as an option),,
getac,T,UX10 G3,2023,,10.1″,Core i5-1235U (12th gen) — per listings,unk,not verified,?,?,,1,?,,,,,,,,,,,,Secure-boot advisory lists UX10G3 under Alder Lake |> getac.com secure-boot advisory; CDWG / e-nitiative listing titles,UX10-G3 UX10G3,,,,,,,Unverified,,
getac,T,UX10 G4,2024,,10.1″,13th gen Core (Raptor Lake) — SKUs not verified,unk,not verified,?,?,,1,?,,,,,,,,,,,,Secure-boot advisory lists UX10G4 under Raptor Lake |> getac.com secure-boot advisory,UX10-G4 UX10G4,,,,,,,Unverified,,
getac,T,UX10 G5,2025,,10.1″ WUXGA,Core Ultra 5 226V/236V · Ultra 7 256V/266V (Lunar Lake),ddr5,LPDDR5x-5600 on package,on-package,32 GB,1,1,NVMe,,,,1,,,,,,,,"IP66 · RAM on the CPU package (not upgradeable) · Arrow Lake ""UX10G5 ARL"" variant also listed by Getac |> Announced fall 2025. Source: RuggedPCReview spec table https://www.ruggedpcreview.com/3_slates_getac_ux10_g5.html",UX10-G5 UX10G5 UX10G5 ARL,,,,,,2,Optional — right-side serial + RJ45 module; the optional keyboard dock also has 1× DB9 |> Source: RuggedPCReview spec table https://www.ruggedpcreview.com/3_slates_getac_ux10_g5.html,,
getac,T,K120,2018,,12.5″ FHD,Core i5-8250U … i7-8650U vPro (8th gen),ddr4,DDR4,?,32 GB,,1,SSD,,,,,,,,SSD up to 512 GB (interface not stated),,,,"Fully rugged 2-in-1 tablet with detachable keyboard |> notebookcheck.com K120 launch article, 24.09.2018",K120 G1 K120-G1,,,,,,,Not mentioned in launch coverage — unverified,,
getac,T,K120 G2,2021,,12.5″ FHD,Core i5-1135G7 … i7-1185G7 (11th gen),ddr4,DDR4 SODIMM,2× SODIMM,32 GB,,1,NVMe + SATA,2,,,1,,,,PCIe NVMe main · optional SATA SSD 2nd storage,,,,IP66 · Thunderbolt 4 · hot-swap dual batteries |> Introduced April 2021. Source: RuggedPCReview spec table https://www.ruggedpcreview.com/3_notebooks_getac_k120_2021.html,K120-G2 K120G2 K120-EX,,removable,"Hot-swap dual 11.1V 2,100mAh (opt. 3,450mAh) |> Source: RuggedPCReview spec table https://www.ruggedpcreview.com/3_notebooks_getac_k120_2021.html",,,,Tablet itself: none listed; the keyboard adds ports — serial not confirmed |> Source: RuggedPCReview spec table https://www.ruggedpcreview.com/3_notebooks_getac_k120_2021.html,,
getac,T,K120 G3,2024,,12.5″ FHD,Core i5-1335U … i7-1365U (13th gen U),ddr5,DDR5 SODIMM,2× SODIMM,64 GB,,1,NVMe,,,,1,,,,,,,,IP66 · 2× Thunderbolt 4 |> June 2024. Source: RuggedPCReview spec table https://www.ruggedpcreview.com/3_slates_getac_k120_2024.html,K120-G3 K120G3,,,,,,,Tablet itself: none listed — keyboard dock not checked |> Source: RuggedPCReview spec table https://www.ruggedpcreview.com/3_slates_getac_k120_2024.html,,
